feature,importance
length,0.10248978838872409
aa_W,0.0551659322122472
aa_L,0.053041432376899254
aa_C,0.049925553402273094
aa_F,0.04956820309615346
aa_E,0.048884333333037884
aa_G,0.048133883374130756
aa_H,0.047442712832987455
aa_Y,0.04726420542757673
aa_D,0.04710703657844663
aa_P,0.046737599937496495
aa_M,0.04571196422798212
aa_R,0.04520686513596673
aa_K,0.042859620122721126
aa_S,0.04069758831167083
aa_I,0.0404179862406799
aa_A,0.04035519323304459
aa_V,0.038658441365362714
aa_Q,0.03856647893628304
aa_N,0.03673168443599539
aa_T,0.035033497030320715
